edge_instance_id,node_instance_id
net_g05_w55_high__AFF_FEAR__AFF_WORRY,net_g05_w55_high__AFF_FEAR
net_g05_w55_high__AFF_FEAR__SEVERITY,net_g05_w55_high__AFF_FEAR
net_g05_w55_high__AFF_FEAR__USE2_AVOID,net_g05_w55_high__AFF_FEAR
net_g05_w55_high__AFF_FEAR__USE2_HANDWASH20,net_g05_w55_high__AFF_FEAR
net_g05_w55_high__AFF_FEAR__USE2_MASK,net_g05_w55_high__AFF_FEAR
net_g05_w55_high__AFF_FEAR__WORRY_HEALTH_SYSTEM,net_g05_w55_high__AFF_FEAR
net_g05_w55_high__AFF_WORRY__SEVERITY,net_g05_w55_high__AFF_WORRY
net_g05_w55_high__AFF_WORRY__USE2_AVOID,net_g05_w55_high__AFF_WORRY
net_g05_w55_high__AFF_WORRY__USE2_HANDWASH20,net_g05_w55_high__AFF_WORRY
net_g05_w55_high__AFF_WORRY__WORRY_HEALTH_SYSTEM,net_g05_w55_high__AFF_WORRY
net_g05_w55_high__SEVERITY__USE2_AVOID,net_g05_w55_high__SEVERITY
net_g05_w55_high__SEVERITY__USE2_HANDWASH20,net_g05_w55_high__SEVERITY
net_g05_w55_high__SEVERITY__USE2_MASK,net_g05_w55_high__SEVERITY
net_g05_w55_high__SEVERITY__USE2_SPACE150,net_g05_w55_high__SEVERITY
net_g05_w55_high__SEVERITY__WORRY_HEALTH_SYSTEM,net_g05_w55_high__SEVERITY
net_g05_w55_high__USE2_AVOID__USE2_HANDWASH20,net_g05_w55_high__USE2_AVOID
net_g05_w55_high__USE2_AVOID__USE2_MASK,net_g05_w55_high__USE2_AVOID
net_g05_w55_high__USE2_AVOID__USE2_SPACE150,net_g05_w55_high__USE2_AVOID
net_g05_w55_high__USE2_AVOID__WORRY_HEALTH_SYSTEM,net_g05_w55_high__USE2_AVOID
net_g05_w55_high__USE2_HANDWASH20__USE2_MASK,net_g05_w55_high__USE2_HANDWASH20
net_g05_w55_high__USE2_HANDWASH20__USE2_SPACE150,net_g05_w55_high__USE2_HANDWASH20
net_g05_w55_high__USE2_HANDWASH20__WORRY_HEALTH_SYSTEM,net_g05_w55_high__USE2_HANDWASH20
net_g05_w55_high__USE2_MASK__USE2_SPACE150,net_g05_w55_high__USE2_MASK
net_g05_w55_high__USE2_MASK__WORRY_HEALTH_SYSTEM,net_g05_w55_high__USE2_MASK
net_g05_w55_high__USE2_SPACE150__WORRY_HEALTH_SYSTEM,net_g05_w55_high__USE2_SPACE150
net_g05_w55_low__AFF_FEAR__AFF_WORRY,net_g05_w55_low__AFF_FEAR
net_g05_w55_low__AFF_FEAR__SEVERITY,net_g05_w55_low__AFF_FEAR
net_g05_w55_low__AFF_FEAR__USE2_AVOID,net_g05_w55_low__AFF_FEAR
net_g05_w55_low__AFF_FEAR__WORRY_HEALTH_SYSTEM,net_g05_w55_low__AFF_FEAR
net_g05_w55_low__AFF_WORRY__SEVERITY,net_g05_w55_low__AFF_WORRY
net_g05_w55_low__AFF_WORRY__USE2_AVOID,net_g05_w55_low__AFF_WORRY
net_g05_w55_low__AFF_WORRY__USE2_MASK,net_g05_w55_low__AFF_WORRY
net_g05_w55_low__AFF_WORRY__USE2_SPACE150,net_g05_w55_low__AFF_WORRY
net_g05_w55_low__AFF_WORRY__WORRY_HEALTH_SYSTEM,net_g05_w55_low__AFF_WORRY
net_g05_w55_low__SEVERITY__USE2_AVOID,net_g05_w55_low__SEVERITY
net_g05_w55_low__SEVERITY__USE2_HANDWASH20,net_g05_w55_low__SEVERITY
net_g05_w55_low__SEVERITY__USE2_MASK,net_g05_w55_low__SEVERITY
net_g05_w55_low__SEVERITY__USE2_SPACE150,net_g05_w55_low__SEVERITY
net_g05_w55_low__SEVERITY__WORRY_HEALTH_SYSTEM,net_g05_w55_low__SEVERITY
net_g05_w55_low__USE2_AVOID__USE2_HANDWASH20,net_g05_w55_low__USE2_AVOID
net_g05_w55_low__USE2_AVOID__USE2_MASK,net_g05_w55_low__USE2_AVOID
net_g05_w55_low__USE2_AVOID__USE2_SPACE150,net_g05_w55_low__USE2_AVOID
net_g05_w55_low__USE2_AVOID__WORRY_HEALTH_SYSTEM,net_g05_w55_low__USE2_AVOID
net_g05_w55_low__USE2_HANDWASH20__USE2_MASK,net_g05_w55_low__USE2_HANDWASH20
net_g05_w55_low__USE2_HANDWASH20__USE2_SPACE150,net_g05_w55_low__USE2_HANDWASH20
net_g05_w55_low__USE2_HANDWASH20__WORRY_HEALTH_SYSTEM,net_g05_w55_low__USE2_HANDWASH20
net_g05_w55_low__USE2_MASK__USE2_SPACE150,net_g05_w55_low__USE2_MASK
net_g05_w55_low__USE2_MASK__WORRY_HEALTH_SYSTEM,net_g05_w55_low__USE2_MASK
net_g05_w56_high__AFF_FEAR__AFF_WORRY,net_g05_w56_high__AFF_FEAR
net_g05_w56_high__AFF_FEAR__SEVERITY,net_g05_w56_high__AFF_FEAR
net_g05_w56_high__AFF_FEAR__USE2_AVOID,net_g05_w56_high__AFF_FEAR
net_g05_w56_high__AFF_FEAR__USE2_SPACE150,net_g05_w56_high__AFF_FEAR
net_g05_w56_high__AFF_FEAR__WORRY_HEALTH_SYSTEM,net_g05_w56_high__AFF_FEAR
net_g05_w56_high__AFF_WORRY__SEVERITY,net_g05_w56_high__AFF_WORRY
net_g05_w56_high__AFF_WORRY__USE2_AVOID,net_g05_w56_high__AFF_WORRY
net_g05_w56_high__AFF_WORRY__WORRY_HEALTH_SYSTEM,net_g05_w56_high__AFF_WORRY
net_g05_w56_high__SEVERITY__USE2_AVOID,net_g05_w56_high__SEVERITY
net_g05_w56_high__SEVERITY__USE2_HANDWASH20,net_g05_w56_high__SEVERITY
net_g05_w56_high__SEVERITY__USE2_SPACE150,net_g05_w56_high__SEVERITY
net_g05_w56_high__USE2_AVOID__USE2_HANDWASH20,net_g05_w56_high__USE2_AVOID
net_g05_w56_high__USE2_AVOID__USE2_MASK,net_g05_w56_high__USE2_AVOID
net_g05_w56_high__USE2_AVOID__USE2_SPACE150,net_g05_w56_high__USE2_AVOID
net_g05_w56_high__USE2_AVOID__WORRY_HEALTH_SYSTEM,net_g05_w56_high__USE2_AVOID
net_g05_w56_high__USE2_HANDWASH20__USE2_MASK,net_g05_w56_high__USE2_HANDWASH20
net_g05_w56_high__USE2_HANDWASH20__USE2_SPACE150,net_g05_w56_high__USE2_HANDWASH20
net_g05_w56_high__USE2_HANDWASH20__WORRY_HEALTH_SYSTEM,net_g05_w56_high__USE2_HANDWASH20
net_g05_w56_high__USE2_MASK__USE2_SPACE150,net_g05_w56_high__USE2_MASK
net_g05_w56_high__USE2_MASK__WORRY_HEALTH_SYSTEM,net_g05_w56_high__USE2_MASK
net_g05_w56_high__USE2_SPACE150__WORRY_HEALTH_SYSTEM,net_g05_w56_high__USE2_SPACE150
net_g05_w56_low__AFF_FEAR__AFF_WORRY,net_g05_w56_low__AFF_FEAR
net_g05_w56_low__AFF_FEAR__SEVERITY,net_g05_w56_low__AFF_FEAR
net_g05_w56_low__AFF_FEAR__USE2_AVOID,net_g05_w56_low__AFF_FEAR
net_g05_w56_low__AFF_FEAR__USE2_MASK,net_g05_w56_low__AFF_FEAR
net_g05_w56_low__AFF_FEAR__WORRY_HEALTH_SYSTEM,net_g05_w56_low__AFF_FEAR
net_g05_w56_low__AFF_WORRY__SEVERITY,net_g05_w56_low__AFF_WORRY
net_g05_w56_low__AFF_WORRY__USE2_MASK,net_g05_w56_low__AFF_WORRY
net_g05_w56_low__AFF_WORRY__USE2_SPACE150,net_g05_w56_low__AFF_WORRY
net_g05_w56_low__AFF_WORRY__WORRY_HEALTH_SYSTEM,net_g05_w56_low__AFF_WORRY
net_g05_w56_low__SEVERITY__USE2_AVOID,net_g05_w56_low__SEVERITY
net_g05_w56_low__SEVERITY__USE2_SPACE150,net_g05_w56_low__SEVERITY
net_g05_w56_low__SEVERITY__WORRY_HEALTH_SYSTEM,net_g05_w56_low__SEVERITY
net_g05_w56_low__USE2_AVOID__USE2_HANDWASH20,net_g05_w56_low__USE2_AVOID
net_g05_w56_low__USE2_AVOID__USE2_MASK,net_g05_w56_low__USE2_AVOID
net_g05_w56_low__USE2_AVOID__USE2_SPACE150,net_g05_w56_low__USE2_AVOID
net_g05_w56_low__USE2_AVOID__WORRY_HEALTH_SYSTEM,net_g05_w56_low__USE2_AVOID
net_g05_w56_low__USE2_HANDWASH20__USE2_MASK,net_g05_w56_low__USE2_HANDWASH20
net_g05_w56_low__USE2_HANDWASH20__USE2_SPACE150,net_g05_w56_low__USE2_HANDWASH20
net_g05_w56_low__USE2_MASK__USE2_SPACE150,net_g05_w56_low__USE2_MASK
net_g05_w56_low__USE2_MASK__WORRY_HEALTH_SYSTEM,net_g05_w56_low__USE2_MASK
net_g05_w56_low__USE2_SPACE150__WORRY_HEALTH_SYSTEM,net_g05_w56_low__USE2_SPACE150
net_g05_w57_high__AFF_FEAR__AFF_WORRY,net_g05_w57_high__AFF_FEAR
net_g05_w57_high__AFF_FEAR__SEVERITY,net_g05_w57_high__AFF_FEAR
net_g05_w57_high__AFF_FEAR__USE2_AVOID,net_g05_w57_high__AFF_FEAR
net_g05_w57_high__AFF_FEAR__WORRY_HEALTH_SYSTEM,net_g05_w57_high__AFF_FEAR
net_g05_w57_high__AFF_WORRY__SEVERITY,net_g05_w57_high__AFF_WORRY
net_g05_w57_high__AFF_WORRY__USE2_SPACE150,net_g05_w57_high__AFF_WORRY
net_g05_w57_high__AFF_WORRY__WORRY_HEALTH_SYSTEM,net_g05_w57_high__AFF_WORRY
net_g05_w57_high__SEVERITY__USE2_HANDWASH20,net_g05_w57_high__SEVERITY
net_g05_w57_high__USE2_AVOID__USE2_HANDWASH20,net_g05_w57_high__USE2_AVOID
net_g05_w57_high__USE2_AVOID__USE2_MASK,net_g05_w57_high__USE2_AVOID
net_g05_w57_high__USE2_AVOID__USE2_SPACE150,net_g05_w57_high__USE2_AVOID
net_g05_w57_high__USE2_AVOID__WORRY_HEALTH_SYSTEM,net_g05_w57_high__USE2_AVOID
net_g05_w57_high__USE2_HANDWASH20__USE2_MASK,net_g05_w57_high__USE2_HANDWASH20
net_g05_w57_high__USE2_HANDWASH20__USE2_SPACE150,net_g05_w57_high__USE2_HANDWASH20
net_g05_w57_high__USE2_HANDWASH20__WORRY_HEALTH_SYSTEM,net_g05_w57_high__USE2_HANDWASH20
net_g05_w57_high__USE2_MASK__USE2_SPACE150,net_g05_w57_high__USE2_MASK
net_g05_w57_high__USE2_MASK__WORRY_HEALTH_SYSTEM,net_g05_w57_high__USE2_MASK
net_g05_w57_low__AFF_FEAR__AFF_WORRY,net_g05_w57_low__AFF_FEAR
net_g05_w57_low__AFF_FEAR__SEVERITY,net_g05_w57_low__AFF_FEAR
net_g05_w57_low__AFF_FEAR__USE2_AVOID,net_g05_w57_low__AFF_FEAR
net_g05_w57_low__AFF_FEAR__USE2_MASK,net_g05_w57_low__AFF_FEAR
net_g05_w57_low__AFF_FEAR__WORRY_HEALTH_SYSTEM,net_g05_w57_low__AFF_FEAR
net_g05_w57_low__AFF_WORRY__SEVERITY,net_g05_w57_low__AFF_WORRY
net_g05_w57_low__AFF_WORRY__USE2_AVOID,net_g05_w57_low__AFF_WORRY
net_g05_w57_low__AFF_WORRY__USE2_HANDWASH20,net_g05_w57_low__AFF_WORRY
net_g05_w57_low__AFF_WORRY__USE2_MASK,net_g05_w57_low__AFF_WORRY
net_g05_w57_low__AFF_WORRY__WORRY_HEALTH_SYSTEM,net_g05_w57_low__AFF_WORRY
net_g05_w57_low__SEVERITY__USE2_AVOID,net_g05_w57_low__SEVERITY
net_g05_w57_low__SEVERITY__USE2_SPACE150,net_g05_w57_low__SEVERITY
net_g05_w57_low__SEVERITY__WORRY_HEALTH_SYSTEM,net_g05_w57_low__SEVERITY
net_g05_w57_low__USE2_AVOID__USE2_HANDWASH20,net_g05_w57_low__USE2_AVOID
net_g05_w57_low__USE2_AVOID__USE2_MASK,net_g05_w57_low__USE2_AVOID
net_g05_w57_low__USE2_AVOID__USE2_SPACE150,net_g05_w57_low__USE2_AVOID
net_g05_w57_low__USE2_AVOID__WORRY_HEALTH_SYSTEM,net_g05_w57_low__USE2_AVOID
net_g05_w57_low__USE2_HANDWASH20__USE2_MASK,net_g05_w57_low__USE2_HANDWASH20
net_g05_w57_low__USE2_HANDWASH20__USE2_SPACE150,net_g05_w57_low__USE2_HANDWASH20
net_g05_w57_low__USE2_HANDWASH20__WORRY_HEALTH_SYSTEM,net_g05_w57_low__USE2_HANDWASH20
net_g05_w57_low__USE2_MASK__USE2_SPACE150,net_g05_w57_low__USE2_MASK
net_g05_w57_low__USE2_MASK__WORRY_HEALTH_SYSTEM,net_g05_w57_low__USE2_MASK
